Category,Word
90s TV Show,3rd Rock from the Sun
90s TV Show,All That
90s TV Show,Ally McBeal
90s TV Show,Animaniacs
90s TV Show,Are You Afraid of the Dark
90s TV Show,Arthur
90s TV Show,Barney and Friends
90s TV Show,Batman The Animated Series
90s TV Show,Beavis and Butt Head
90s TV Show,Big Bad Beetleborgs
90s TV Show,Bonkers
90s TV Show,Boy Meets World
90s TV Show,Buffy the Vampire Slayer
90s TV Show,CatDog
90s TV Show,Charmed
90s TV Show,Chip n Dale Rescue Rangers
90s TV Show,Clarissa Explains It All
90s TV Show,Daria
90s TV Show,Darkwing Duck
90s TV Show,Dawsons Creek
90s TV Show,Dinosaurs
90s TV Show,Dr Quinn Medicine Woman
90s TV Show,Duckman
90s TV Show,ER
90s TV Show,Early Edition
90s TV Show,Everybody Loves Raymond
90s TV Show,Family Matters
90s TV Show,Farscape
90s TV Show,Frasier
90s TV Show,Freakazoid
90s TV Show,Friends
90s TV Show,Full House
90s TV Show,Gargoyles
90s TV Show,Golden Girls
90s TV Show,Goof Troop
90s TV Show,Goosebumps
90s TV Show,Hercules The Legendary Journeys
90s TV Show,Hermans Head
90s TV Show,Hey Arnold
90s TV Show,Home Improvement
90s TV Show,Honey I Shrunk the Kids The TV Show
90s TV Show,Kenan and Kel
90s TV Show,King of the Hill
90s TV Show,Law and Order
90s TV Show,Legends of the Hidden Temple
90s TV Show,Mad About You
90s TV Show,Melrose Place
90s TV Show,Mighty Morphin Power Rangers
90s TV Show,My So Called Life
90s TV Show,NYPD Blue
90s TV Show,NewsRadio
90s TV Show,Northern Exposure
90s TV Show,Party of Five
90s TV Show,Picket Fences
90s TV Show,Pinky and the Brain
90s TV Show,Recess
90s TV Show,Rockos Modern Life
90s TV Show,Roseanne
90s TV Show,Roundhouse
90s TV Show,Rugrats
90s TV Show,Sabrina the Teenage Witch
90s TV Show,Saved by the Bell
90s TV Show,Seinfeld
90s TV Show,Sliders
90s TV Show,South Park
90s TV Show,Spider Man The Animated Series
90s TV Show,Spin City
90s TV Show,Star Trek Deep Space Nine
90s TV Show,Star Trek Voyager
90s TV Show,Step by Step
90s TV Show,Suddenly Susan
90s TV Show,Superman The Animated Series
90s TV Show,TaleSpin
90s TV Show,Teletubbies
90s TV Show,That 70s Show
90s TV Show,The Adventures of Pete and Pete
90s TV Show,The Angry Beavers
90s TV Show,The Critic
90s TV Show,The Drew Carey Show
90s TV Show,The Fresh Prince of Bel Air
90s TV Show,The Magic School Bus
90s TV Show,The Nanny
90s TV Show,The Pretender
90s TV Show,The Secret World of Alex Mack
90s TV Show,The Wild Thornberrys
90s TV Show,The X Files
90s TV Show,Touched by an Angel
90s TV Show,Twin Peaks
90s TV Show,VR Troopers
90s TV Show,Veronicas Closet
90s TV Show,Walker Texas Ranger
90s TV Show,Where in the World Is Carmen Sandiego
90s TV Show,Will and Grace
90s TV Show,Wings
90s TV Show,Wishbone
90s TV Show,X Men The Animated Series
90s TV Show,Xena Warrior Princess
Animals,bear
Animals,beaver
Animals,cat
Animals,dog
Animals,donkey
Animals,ferret
Animals,finch
Animals,fox
Animals,frogs
Animals,goose
Animals,horse
Animals,lion
Animals,lizard
Animals,llama
Animals,locust
Animals,moth
Animals,mouse
Animals,octopi
Animals,otter
Animals,parrot
Animals,quail
Animals,roach
Animals,sheep
Animals,snail
Animals,spider
Animals,swan
Animals,tick
Animals,tiger
Animals,turtle
Animals,wolf
Beverage,coffe
Beverage,frappe
Beverage,icecream
Beverage,milkshake
Beverage,slushie
Beverage,smoothie
Beverage,soda pop
Beverage,tea
Beverage,water
Body Parts,ankle
Body Parts,arm
Body Parts,cheek
Body Parts,ears
Body Parts,elbow
Body Parts,eyebrow
Body Parts,eyes
Body Parts,finger
Body Parts,foot
Body Parts,hand
Body Parts,head
Body Parts,lashes
Body Parts,mouth
Body Parts,nose
Body Parts,thigh
Body Parts,tongue
Body Parts,waist
Bread,baguette
Bread,brioche
Bread,bruschetta
Bread,bun
Bread,caprese
Bread,chapati
Bread,ciabatta
Bread,cornbread
Bread,crumpet
Bread,dosa
Bread,flatbread
Bread,focaccia
Bread,multigrain
Bread,naan
Bread,paratha
Bread,pita
Bread,pumpernickel
Bread,roti
Bread,rye
Bread,sourdough
Bread,tortilla
Bread,wholegrain
Celebrations & Events,crowd
Celebrations & Events,parade
Celebrations & Events,party
Celebrations & Events,travel
Cheese,cheddar
Cheese,cheeseboard
Cheese,colby jack
Cheese,mozzarella
Cheese,provolone
Clothing & Accessories,apron
Clothing & Accessories,belt
Clothing & Accessories,boots
Clothing & Accessories,dress
Clothing & Accessories,helmet
Clothing & Accessories,mitten
Clothing & Accessories,pants
Clothing & Accessories,pocket
Clothing & Accessories,scarf
Clothing & Accessories,shirt
Clothing & Accessories,sleeve
Clothing & Accessories,zipper
Colors,blue
Colors,bronze
Colors,brown
Colors,green
Colors,orange
Colors,pink
Colors,purple
Colors,red
Colors,silver
Colors,white
Dessert,baklava
Dessert,bananasplit
Dessert,barfi
Dessert,beignet
Dessert,biscotti
Dessert,biscuit
Dessert,blondie
Dessert,boondi
Dessert,brittle
Dessert,brownie
Dessert,cannoli
Dessert,cheesecake
Dessert,churro
Dessert,clafoutis
Dessert,cobbler
Dessert,compote
Dessert,coulis
Dessert,crisp
Dessert,croissant
Dessert,crumble
Dessert,custard
Dessert,danish
Dessert,flan
Dessert,fondant
Dessert,frangipane
Dessert,fritter
Dessert,galette
Dessert,ganache
Dessert,gelato
Dessert,gulabjamun
Dessert,halva
Dessert,jalebi
Dessert,kheer
Dessert,kulfi
Dessert,ladoo
Dessert,lokum
Dessert,maamoul
Dessert,marzipan
Dessert,modak
Dessert,mousse
Dessert,muffin
Dessert,nougat
Dessert,pancake
Dessert,panettone
Dessert,parfait
Dessert,pastry
Dessert,peda
Dessert,phirni
Dessert,praline
Dessert,pretzel
Dessert,rasgulla
Dessert,scone
Dessert,sfogliatella
Dessert,sherbet
Dessert,shortbread
Dessert,soanpapdi
Dessert,sorbet
Dessert,strudel
Dessert,sundae
Dessert,tart
Dessert,tiramisu
Dessert,tresleches
Dessert,truffle
Dessert,waffle
Dessert,zeppole
Dip,babaganoush
Dip,french onion
Dip,hummus
Dip,tzatziki
Dumpling,baozi
Dumpling,bunuelos
Dumpling,dumpling
Dumpling,wonton
Eggs,boiled
Eggs,fried
Eggs,frittata
Eggs,omelette
Eggs,quiche
Eggs,scramble
Event,ACADEMY AWARDS
Event,ANTIQUE SHOW
Event,ARMED FORCES DAY
Event,ARMISTICE DAY
Event,BABY SHOWER
Event,BABYS FIRST TOOTH
Event,BACHELOR PARTY
Event,BARN RAISING
Event,BASTILLE DAY
Event,BEAUTY PAGEANT
Event,BIRTHDAY
Event,BOSTON MARATHON
Event,BOSTON TEA PARTY
Event,CAMPAIGN FUND DRIVE
Event,CAR AUCTION
Event,CHINESE NEW YEAR
Event,CHRISTENING
Event,CHRISTMAS EVE
Event,COMING OUT PARTY
Event,CORONATION
Event,CORPORATE MERGER
Event,DINNER AT THE WHITE HOUSE
Event,EASTER SUNDAY
Event,ELECTION DAY
Event,FAMILY REUNION
Event,FIRST COMMUNION
Event,FIRST DATE
Event,FIRST DAY ON THE JOB
Event,FIRST SNOWFALL
Event,FOURTH OF JULY PICNIC
Event,FRATERNITY RUSH PARTY
Event,FRENCH AND INDIAN WAR
Event,GOING OUT OF BUSINESS SALE
Event,GRADUATION DAY
Event,GRAND OPENING
Event,GROUND HOGS DAY
Event,HANUKKAH
Event,HAWAIIAN LUAU
Event,HIGH SCHOOL REUNION
Event,HOLLOWEEN
Event,HOMECOMING
Event,INDIAN POW WOW
Event,INDIAN RAIN DANCE
Event,KENTUCKY DERBY
Event,KENTUCKY DERBY
Event,LINCOLN AND DOUGLAS DEBATE
Event,LINCOLNS BIRTHDAY
Event,LODGE MEETING
Event,LOUISIANA PURCHAS
Event,MARDI GRAS
Event,MEMORIAL DAY
Event,MILITARY DISCHARG
Event,MISS UNIVERSE PAGEANT
Event,MOON LANDING
Event,MORTGAGE BURNING PARTY
Event,MOVIE PREMIERE
Event,NEW YEARS EVE PARTY
Event,NORMANDY INVASION
Event,PASSOVER
Event,PAYDAY
Event,POLICEMANS BALL
Event,RELIGIOUS RETREAT
Event,REPORT CARD DAY
Event,RETIREMENT PARTY
Event,ROSE BOWL PARADE
Event,SENIOR PROM
Event,SERMON ON THE MOUNT
Event,SHIP LAUNCHING
Event,SILVER ANNIVERSARY
Event,SPANISH  AMERICAN WAR
Event,SPANISH INQUISITION
Event,SPRING VACATION
Event,STANLEY CUP PLAYOFFS
Event,STATE FAIR
Event,STATE OF THE UNION ADDRESS
Event,SUNDAY SERVICES
Event,SURRENDER AT APPOMATAX
Event,THE AMERICAS CUP RACE
Event,THE CIVIL WAR
Event,THE FIRST DAY OF SCHOOL
Event,THE FIRST DAY OF SPRING
Event,THE FRENCH REVOLUTION
Event,THE IRISH SWEEPSTAKES
Event,THE LAST SUPPER
Event,THE OLYMPIC GAMES
Event,THE PEACE CORPS
Event,THE RETURN OF HALLEYS COMET
Event,THE SEASON OPENER
Event,THE SUPERBOWL
Event,THE WORLD SERIES
Event,THREE DAY WEEKEND
Event,TOTAL ECLIPSE OF THE SUN
Event,TULIP FESTIVAL
Event,TURN OF THE CENTURY
Event,TWO FOR ONE SALE
Event,VALENTINES DAY
Event,VERSAILLES TREATY
Event,WATERGATE
Event,WEDDING DAY
Event,WIMBLEDON TENNIS TOURNAMENT
Event,WOODSTOCK
Event,WORLD CUP SOCCER MATCH
Event,YOM KIPPUR
Fantasy & Mythology,battle
Fantasy & Mythology,castle
Fantasy & Mythology,dagger
Fantasy & Mythology,dragon
Fantasy & Mythology,fairy
Fantasy & Mythology,knight
Fantasy & Mythology,magic
Fantasy & Mythology,pirate
Fantasy & Mythology,potion
Fantasy & Mythology,prince
Fantasy & Mythology,squire
Fantasy & Mythology,wizard
Feelings & Emotions,angry
Feelings & Emotions,blurry
Feelings & Emotions,disgust
Feelings & Emotions,happy
Feelings & Emotions,proud
Feelings & Emotions,sad
Feelings & Emotions,scared
Feelings & Emotions,shocked
Feelings & Emotions,spooky
Feelings & Emotions,surprised
Food,adobo
Food,arepa
Food,bacon
Food,bagel
Food,balti
Food,banhmi
Food,barbecue
Food,bibimbap
Food,biltong
Food,biryani
Food,bobotie
Food,boerewors
Food,bulgogi
Food,burger
Food,burger
Food,candy
Food,casserole
Food,cheese
Food,chimichanga
Food,curry
Food,edamame
Food,empanada
Food,enchilada
Food,fries
Food,gyoza
Food,gyro
Food,honey
Food,hotdog
Food,hotpot
Food,jajangmyeon
Food,jambalaya
Food,karaage
Food,katsu
Food,kebab
Food,kimchi
Food,kimchijjigae
Food,kombucha
Food,laksa
Food,larb
Food,longaniza
Food,masala
Food,meatball
Food,miso
Food,mochi
Food,natto
Food,okonomiyaki
Food,paella
Food,pancit
Food,peanut
Food,pho
Food,pilaf
Food,pizza
Food,pupusa
Food,quesadilla
Food,ramen
Food,ramyun
Food,ratatouille
Food,risotto
Food,sashimi
Food,satay
Food,shabu
Food,shawarma
Food,skewer
Food,soufflé
Food,stew
Food,sushi
Food,takoyaki
Food,tamale
Food,tandoori
Food,tempeh
Food,tempura
Food,teriyaki
Food,tikka
Food,toast
Food,tocino
Food,tofu
Food,tonkatsu
Food,tteokbokki
Food,udon
Food,yakisoba
Fruit,apple
Fruit,apricot
Fruit,avocado
Fruit,banana
Fruit,blackberry
Fruit,blueberry
Fruit,cherry
Fruit,coconut
Fruit,cranberry
Fruit,date
Fruit,fig
Fruit,grapes
Fruit,guava
Fruit,kiwi
Fruit,lychee
Fruit,mandarin
Fruit,mango
Fruit,melon
Fruit,nectarine
Fruit,orange
Fruit,papaya
Fruit,passionfruit
Fruit,peach
Fruit,pear
Fruit,persimmon
Fruit,pineapple
Fruit,plum
Fruit,pomegranate
Fruit,raspberry
Fruit,strawberry
Fruits & Vegetables,apple
Fruits & Vegetables,berry
Fruits & Vegetables,carrot
Fruits & Vegetables,grape
Fruits & Vegetables,grape
Fruits & Vegetables,lemon
Fruits & Vegetables,melon
Fruits & Vegetables,olive
Fruits & Vegetables,onion
Fruits & Vegetables,peach
Fruits & Vegetables,plums
Furniture & Household Items,blanket
Furniture & Household Items,bucket
Furniture & Household Items,button
Furniture & Household Items,candle
Furniture & Household Items,chair
Furniture & Household Items,couch
Furniture & Household Items,cup
Furniture & Household Items,curtain
Furniture & Household Items,door
Furniture & Household Items,fences
Furniture & Household Items,fork
Furniture & Household Items,kettle
Furniture & Household Items,knife
Furniture & Household Items,ladder
Furniture & Household Items,mirror
Furniture & Household Items,pillow
Furniture & Household Items,plate
Furniture & Household Items,spoon
Furniture & Household Items,table
Furniture & Household Items,window
Landmark,CAPE CANAVERAL
Landmark,EMPIRE STATE BUILDING
Landmark,GOLDEN GATE BRIDGE
Landmark,GRANTS TOMB
Landmark,GREAT WALL OF CHINA
Landmark,HOOVER DAM
Landmark,LINCOLN MEMORIAL
Landmark,MADISON SQUARE GARDEN
Landmark,NOTRE DAME CATHEDRAL
Landmark,PIKES PEAK
Landmark,THE ALAMO
Landmark,THE BERLIN WALL
Landmark,THE EIFFEL TOWER
Landmark,THE GRAND CANYON
Landmark,THE GRAND OLE OPRY
Landmark,THE LIBERTY BELL
Landmark,THE LONDON BRIDGE
Landmark,THE OK CORRAL
Landmark,THE PETRIFIED FOREST
Landmark,THE SWISS ALPS
Landmark,THE TAJ MAHAL
Meat,bacon
Meat,brisket
Meat,chorizo
Meat,drumstick
Meat,fillet
Meat,ham
Meat,jerky
Meat,meatloaf
Meat,mortadella
Meat,pancetta
Meat,pastrami
Meat,pepperoni
Meat,prosciutto
Meat,ribeye
Meat,salami
Meat,sausage
Meat,sirloin
Meat,tenderloin
Meat,wings
Miscellaneous,bakery
Miscellaneous,breeze
Miscellaneous,cousin
Miscellaneous,crunch
Miscellaneous,friend
Miscellaneous,season
Miscellaneous,shadow
Miscellaneous,singer
Miscellaneous,sweat
Musical Instruments,banjo
Musical Instruments,cello
Musical Instruments,drum
Musical Instruments,flute
Musical Instruments,french horn
Musical Instruments,guitar
Musical Instruments,harp
Musical Instruments,keyboard
Musical Instruments,maraca
Musical Instruments,microphone
Musical Instruments,piano
Musical Instruments,synthesizer
Musical Instruments,tambourine
Musical Instruments,trumpet
Musical Instruments,tuba
Musical Instruments,violin
Nut,almond
Nut,cashew
Nut,chestnut
Nut,hazelnut
Nut,macadamia
Nut,peanut
Nut,pecan
Nut,pistachio
Nut,walnut
Objects & Tools,anchor
Objects & Tools,basket
Objects & Tools,beacon
Objects & Tools,bubble
Objects & Tools,clock
Objects & Tools,feather
Objects & Tools,key
Objects & Tools,ladle
Objects & Tools,marble
Objects & Tools,shovel
Objects & Tools,ticket
Objects & Tools,trolley
Objects & Tools,tunnel
Objects & Tools,whistle
Objects & Tools,wrench
Pasta,alfredo
Pasta,bolognese
Pasta,carbonara
Pasta,fettuccine
Pasta,gnocchi
Pasta,lasagna
Pasta,linguine
Pasta,macaroni
Pasta,pappardelle
Pasta,penne
Pasta,pesto
Pasta,ravioli
Pasta,spaghetti
Pasta,tortellini
Pasta,ziti
People,AMERICAN AIRLINES
People,AMERICAN AUTOMOBILE ASSOCIATION
People,AMERICAN LEGION
People,BETTER BUSINESS BUREAU
People,BIG BROTHERS OF AMERICA
People,BLUE CROSS AND BLUE SHIELD
People,BOY SCOUTS OF AMERICA
People,CANADIAN MOUNTED POLICE
People,CHURCH CHOIR
People,CHURCH OF LATTER DAY SAINTS
People,CIVIL LIBERTIES UNION
People,COMMON CAUSE
People,COMMUNIST PARTY
People,CONTINENTAL CONGRESS
People,DAIRYMENS ASSOCIATION
People,DAUGHTERS OF THE AMERICAN REVOLUTION
People,DEMOCRATIC PARTY
People,FIRE DEPARTMENT
People,FRATERNAL ORDER OF POLICE
People,GREEN BAY PACKERS
People,KIWANIS CLUB
People,KNIGHTS OF COLUMBUS
People,LIONS CLUB
People,LITTLE LEAGUE BASEBALL
People,MUSCULAR DYSTROPHY ASSOCIATION
People,NATIONAL FOOTBALL LEAGUE
People,NATIONAL HOCKEY LEAGUE
People,NATIONAL SECURITY COUNCIL
People,PITTSBURGH PIRATES
People,PRESIDENTS CABINET
People,RED CROSS
People,REPUBLICAN NATIONAL COMMITTEE 
People,SCREEN ACTORS GUILD
People,SECURITIES EXCHANGE COMMISSION
People,TEXAS RANGERS
People,TEXTILE WORKERS UNION
People,THE ELKS CLUB
People,THE WRITERS GUILD
People,UNIFIED SCHOOL DISTRICT
People,UNITED NATIONS
People,WEIGHT WATCHERS
People,YOUNG MENS CHRISTIAN ASSOCIATION
Person,AARON BURR
Person,ADJUTANT GENERAL
Person,ALBERT SCHWEITZER
Person,ALEXANDER GRAHAM BELL
Person,ALEXANDER HAMILTON
Person,ANDREW JACKSON
Person,ANDY WARHOL
Person,ANGIE DICKINSON
Person,ANGLO SAXON
Person,ANIMAL TAMER
Person,ANN LANDERS
Person,ANTIQUE COLLECTOR
Person,APPLIANCE REPAIRMAN
Person,APPRENTICE
Person,ARCHBISHOP OF CANTERBURY
Person,ARISTOTLE ONASSIS
Person,ARNOLD PALMER
Person,ASSISTANT DIRECTOR
Person,BABE RUTH
Person,BABY SITTER
Person,BALLET DANCER
Person,BARRY GOLDWATER
Person,BEN FRANKLIN
Person,BERT PARKS
Person,BILLIE JEAN KING
Person,BLACKSMITH
Person,BOOKER T WASHINGTON
Person,BRUCE SPRINGSTEEN
Person,BUS DRIVER
Person,CAKE DECORATOR
Person,CAMERAMAN
Person,CAMP COUNSELOR
Person,CARL SANDBURG
Person,CARRIE NATION
Person,CERTIFIED PUBLIC ACCOUNTANT
Person,CESAR CHAVEZ
Person,CHAMBERMAID
Person,CHANCELLOR
Person,CHESS CHAMPION
Person,CHURCH USHER
Person,CITY PLANNER
Person,CIVILIAN
Person,CLAIMS ADJUSTER 
Person,CLASS CLOWN
Person,CLASSMATE
Person,COAL MINER
Person,COMMITTEE CHAIRMAN
Person,COMPANY CLERK
Person,COMPUTER PROGRAMMER
Person,CONFUCIUS
Person,CONSTANT COMPANION
Person,CONVENTION DELEGATE
Person,COPERNICUS
Person,CZAR NICHOLAS
Person,DALE CARNEGIE
Person,DANIEL BOONE
Person,DANNY THOMAS
Person,DEFENSIVE TACKLE
Person,DIESEL MECHANIC
Person,DIRECTOR OF MARKETING
Person,DISK JOCKEY
Person,DWIGHT DAVID EISENHOWER
Person,EDGAR ALLEN POE
Person,ELEANOR ROOSEVELT
Person,ELECTED OFFICIAL
Person,ELEVATOR OPERATOR
Person,ELIGIBLE BACHELOR
Person,ENGINEER
Person,ENGLISH TEACHER
Person,ESCAPED CONVICT
Person,EUCLID
Person,EUROPEAN IMMIGRANT
Person,EVANGELIST
Person,EXPECTANT MOTHER
Person,FERDINAND MAGELLAN
Person,FRANK LLOYD WRIGHT
Person,GALILEO
Person,GARBAGE COLLECTOR
Person,GAS STATION ATTENDANT
Person,GEORGE WASHINGTON CARVER
Person,GIFTED CHILD
Person,GROVER CLEVELAND
Person,HAIR STYLIST
Person,HARRY TRUMAN
Person,HEAD FOOTBALL COACH
Person,HEAD UMPIRE
Person,HEAD WAITER
Person,HIGH SCHOOL DROPOUT
Person,HIRED HAND
Person,HUMAN BEING
Person,ICE CREAM VENDOR
Person,INDIRA GANDHI
Person,INNOCENT BYSTANDER
Person,ISAAC NEWTON
Person,JACK OF ALL TRADES
Person,JACKIE COOPER
Person,JAMES MADISON
Person,JASON ROBARDS
Person,JESSE JAMES
Person,JILTED SUITOR
Person,JIMMY CONNERS
Person,JOHN GLENN
Person,JOHNNY COME LATELY
Person,JULIUS CAESAR
Person,KAREEM ABDUL  JABBAR
Person,KEEPER OF THE FLAME
Person,LADYBIRD JOHNSON
Person,LAW STUDENT
Person,LAWRENCE OLIVIER
Person,LEONARD BERNSTEIN
Person,LYNDON BAINES JOHNSON
Person,MAO TSE  TUNG
Person,MARIE ANTOINETTE
Person,MARQUIS DE SADE
Person,MARTIN LUTHER KING
Person,MATA HARI
Person,MECHANICAL ENGINEER
Person,MEDICAL DOCTOR
Person,MEDICAL STUDENT
Person,MENACHEM BEGIN
Person,MEREDITH BAXTER BIRNEY
Person,MICHAEL CAINE
Person,MILLARD FILLMORE
Person,MINNESOTA FATS
Person,MORTICIAN
Person,MUHAMMAD ALI
Person,NAILBITER
Person,NAPOLEON BONAPARTE
Person,NATHAN HALE
Person,NAVIGATOR
Person,NEWSPAPER COLUMNIST
Person,NEXT DOOR NEIGHBOR
Person,NIGHT WATCHMAN
Person,NIKITA KRUSCHEV
Person,NOVELIST
Person,OBJECTIVE OBSERVER
Person,ORTHOPEDIC SURGEON
Person,PAPERHANGERNEL DIRECTOR
Person,PHILANDERER
Person,PHYSICAL THERAPIST
Person,POCAHONTAS
Person,POLITICAL POLLSTER
Person,PUBLISHED AUTHOR
Person,PUPPETEER
Person,RALPH WALDO EMERSON
Person,REAL ESTATE BROKER
Person,REGIONAL DIRECTOR
Person,REMBRANDT
Person,RIGHT HAND MAN
Person,ROBERT KENNEDY
Person,SAINT FRANCIS OF ASSISI
Person,SALES CLERK
Person,SALVADOR DALI
Person,SAM HOUSTON
Person,SECRET AGENT
Person,SERGEANT YORK
Person,SEVENTH DAY ADVENTIST
Person,SHOESHINE BOY
Person,SHORT  ORDER COOK
Person,SIGMUND FREUD
Person,SIR WALTER RALEIGH
Person,SMOOTH TALKER
Person,SNAKE CHARMER
Person,STATE SENATOR
Person,SYSTEMS ANALYST
Person,TALENT SCOUT
Person,TAX COLLECTOR
Person,TELEPHONE OPERATOR
Person,THE LAST MAN ON EARTH
Person,THE PARISH PRIEST
Person,THE SHAH OF IRAN
Person,THEODORE ROOSEVELT
Person,THOMAS EDISON
Person,THOMAS JEFFERSON
Person,THOMAS PAINE
Person,THURGOOD MARSHALL
Person,TICKET TAKER
Person,TOMMY DORSEY
Person,TOP BANANA
Person,UNDERMINER
Person,UNDERWRITER
Person,UNINVITED GUEST
Person,VINCE LOMBARDI
Person,WILLIAM RANDOLPH HEARST
Person,WILLIAM SHAKESPEARE
Person,WILLIAM THE CONQUEROR
Person,WILT CHAMBERLAIN
Person,WINSTON CHURCHILL
Person,WOODY ALLEN
Person,WYATT EARP
Phrase,A DIAMOND IN THE ROUGH
Phrase,A NEW BROOM SWEEPS CLEAN
Phrase,ALL OR N
Phrase,AT THE CROSSROADS
Phrase,BEHIND THE EIGHT BALL
Phrase,BELIEVE IT OR NOT
Phrase,BLOOD IS THICKER THAN WATER
Phrase,BLOWING HOT AND COLD
Phrase,BOY MEETS GIRL
Phrase,BRINGING UP THE REAR
Phrase,BURSTING AT THE SEAMS
Phrase,BY THE GRACE OF GOD
Phrase,CASH AND CARRY
Phrase,CHARITY BEGINS AT HOME
Phrase,CLOSE COVER BEFORE STRIKING
Phrase,CLOSED FOR REMODELING
Phrase,COMING OF AGE
Phrase,CRIME DOESNT PAY
Phrase,DONT BE A BACK SEAT DRIVER
Phrase,DONT BITE OFF MORE THAN YOU CAN CHEW
Phrase,DONT BITE THE HAND THAT FEEDS YOU
Phrase,DONT CALL US WELL CALL YOU
Phrase,DONT COUNT ON IT
Phrase,DONT FORGET TO READ THE FINE PRINT
Phrase,DONT JUMP THE GUN
Phrase,DONT LEAVE WITHOUT SAYING GOODBYE
Phrase,DONT LOOK BACK
Phrase,DONT ROCK THE BOAT
Phrase,DONT SPEND IT ALL IN ONE
Phrase,DONT START SOM YOU CANT FINISH
Phrase,DONT TAKE ANY WOODEN NICKELS
Phrase,DONT TAKE IT FOR GRANTED
Phrase,DOUBLE OR N
Phrase,EARN WHILE YOU LEARN
Phrase,EVER BUT THE KITCHEN SINK
Phrase,EVERY DOG HAS ITS DAY
Phrase,EVERY LITTLE BIT COUNTS
Phrase,EVERY MAN FOR HIMSELF
Phrase,FLICK OF THE WRIST
Phrase,FOR THE MAN WHO HAS EVER
Phrase,FROM THE CRADLE TO THE GRAVE
Phrase,GETTING DOWN TO BRASS TACKS
Phrase,GO TO THE HEAD OF THE CLASS
Phrase,GOING FOR BROKE 
Phrase,GONE BUT NOT FORGOTTEN
Phrase,GOOD TABLE MANNERS
Phrase,HAPPY DAYS ARE HERE AGAIN
Phrase,HE WHO LAUGHS LAST
Phrase,HELPFUL HINT
Phrase,HIGH JINKS
Phrase,HITTING BELOW THE BELT
Phrase,HOLD THE PHONE
Phrase,HONESTY IS THE BEST POLICY
Phrase,HOPE TO SEE YOU SOON
Phrase,I DONT GET NO RESPECT
Phrase,ILL MEET YOU HALFWAY
Phrase,IM HOLDING MY OWN
Phrase,IN THE DOGHOUSE
Phrase,IN THE RIGHT FRAME OF MIND
Phrase,IN THE TWINKLING OF AN EYE
Phrase,IT COMES AND GOES
Phrase,IT JUST DOESNT ADD UP
Phrase,ITS BIGGER THAN THE BOTH OF US
Phrase,ITS FOR A GOOD CAUSE
Phrase,ITS JUST WATER UNDER THE BRIDGE
Phrase,ITS ONLY THE TIP OF THE ICEBERG
Phrase,ITS OPEN FOR DISCUSSION
Phrase,ITS THE LAW OF THE LAND
Phrase,ITS THE NEXT BEST TO BEING THERE
Phrase,IVE HAD IT UP TO HERE
Phrase,JUST WHEN YOU THOUGHT YOUD HEARD EVER
Phrase,KEEP A STIFF UPPER LIP
Phrase,KEEP YOUR GUARD UP
Phrase,LEAVE IT BE
Phrase,LEND ME AN EAR
Phrase,LET SLEEPING DOGS LIE
Phrase,LET THE CHIPS FALL WHERE THEY MAY
Phrase,LET THE GOOD TIMES ROLL
Phrase,LETS MAKE A DAY OF IT
Phrase,LIFE IS FOR THE LIVING
Phrase,LONG LIVE THE KING
Phrase,LOOK BOTH WAYS BEFORE CROSSING
Phrase,LOOK IT UP
Phrase,LOOK ME IN THE EYE AND SAY THAT
Phrase,LOVE IT OR LEAVE IT
Phrase,MAKE ME AN OFFER
Phrase,MAKE THE MOST OF IT
Phrase,MAKING A MOUNTAIN OUT OF A MOLEHILL
Phrase,MANY ARE CALLED BUT FEW ARE CHOSEN
Phrase,MAYBE SO AND MAYBE NOT
Phrase,MY BACKS AGAINST THE WALL
Phrase,MY CUP RUNNETH OVER
Phrase,MY TWO CENTS WORTH
Phrase,N BUT THE BEST
Phrase,N BUT THE FACTS
Phrase,NEAT AS A PIN
Phrase,NEVER AT A LOSS FOR WORDS
Phrase,NEVER SAY NEVER
Phrase,NO LAUGHING MATTER
Phrase,NO USE CRYING OVER SPILLED MILK
Phrase,NOT ON YOUR LIFE
Phrase,NOT TOO BAD UNDER THE CONDITIONS
Phrase,NOW THAT THE SHOE IS ON THE OTHER FOOT
Phrase,ON CLOUD NINE
Phrase,ON COMMON GROUND
Phrase,ON THE BUTTON
Phrase,ON THE RAZORS EDGE
Phrase,ON THE RIGHT TRACK
Phrase,ON THE UP AND UP
Phrase,ONE GOOD TURN DESERVES ANOTHER
Phrase,ONE HAND WASHES THE OTHER
Phrase,OPENING UP A CAN OF WORMS
Phrase,OUT TO LUNCH
Phrase,OVER AND OUT
Phrase,OVER THE  COUNTER
Phrase,OVER THE HILL
Phrase,OVERLY EXCITED
Phrase,PAUL REVERES RIDE
Phrase,PERISH THE THOUGHT
Phrase,PLAYING FOR KEEPS
Phrase,PRIDE GOETH BEFORE THE FALL
Phrase,RETURN TO SENDER
Phrase,RIGHT BETWEEN THE EYES
Phrase,RIPE FOR THE PICKING
Phrase,SAVE IT FOR A RAINY DAY
Phrase,SECOND TO NONE
Phrase,SEEING IS BELIEVING
Phrase,SEVEN COME ELEVEN
Phrase,SIGN ON THE DOTTED LINE
Phrase,SO BE IT
Phrase,SOM FOR N
Phrase,SOM HAS TO BE DONE ABOUT IT
Phrase,SOME GUYS HAVE ALL THE LUCK
Phrase,SOME NEVER LEARN
Phrase,SOMES ARE BETTER LEFT UNSAID
Phrase,SQUEAKY CLEAN
Phrase,STANDING ROOM ONLY
Phrase,STOP THE PRESSES
Phrase,TAKE A BREAK
Phrase,TAKE IT AS IT COMES
Phrase,TAKE IT TO THE LIMIT
Phrase,TAKE THE BULL BY THE HORNS
Phrase,TAKE TWO ASPIRIN AND CALL ME IN THE MORNING
Phrase,TAKEN FOR GRANTED
Phrase,TAKING IT EASY
Phrase,TALK IS CHEAP
Phrase,THE AGONY AND THE ECSTASY
Phrase,THE BEST AND THE BRIGHTEST
Phrase,THE BOTTOM OF THE BARREL
Phrase,THE BUCK STOPS HERE
Phrase,THE CREAM ALWAYS RISES TO THE TOP
Phrase,THE DEVIL MADE ME DO IT
Phrase,THE GOLDEN RULE
Phrase,THE JOKES ON YOU
Phrase,THE LAST YOUD THINK OF
Phrase,THE LONG AND SHORT OF IT
Phrase,THE MEANING IS LOST IN THE TRANSLATION
Phrase,THE MORE THE MERRIER
Phrase,THE PROOF IS IN THE PUDDING
Phrase,THE SOONER THE BETTER
Phrase,THE STRAW THAT BROKE THE CAMELS BACK
Phrase,THE TIME IS NOW
Phrase,THE WHOLE NINE YARDS
Phrase,THE WORM HAS TURNED
Phrase,THE WRONG SIDE OF THE TRACKS
Phrase,THERES A SUCKER BORN EVERY MINUTE
Phrase,THERES N TO IT
Phrase,THERES NO DOUBT ABOUT IT
Phrase,THERES NO EXCUSE FOR IT
Phrase,THERES NO SUCH AS A FREE LUNCH
Phrase,THERES PLENTY FOR EVERYBODY
Phrase,THERES SOM FOR EVERYBODY
Phrase,THIRD RATE ROMANCE
Phrase,TIME IS MONEY
Phrase,TOO LITTLE TOO LATE
Phrase,TOO MANY COOKS SPOIL THE BROTH
Phrase,TOO MUCH TOO SOON
Phrase,TURN THE OTHER CHEEK
Phrase,TWIDDLING YOUR THUMBS
Phrase,UNDER THE TABLE
Phrase,UNDER THE WEATHER
Phrase,WINNER AND STILL CHAMPION
Phrase,WISH YOU WERE HERE
Phrase,WITHIN A BLINK OF AN EYE
Phrase,YOU CAN BANK ON IT
Phrase,YOU CAN TAKE MY WORD ON IT
Phrase,YOU CANT SAY I DIDNT WARN YOU
Phrase,YOU GO YOUR WAY AND ILL GO MINE
Place,ACAPULCO
Place,ALBANY NEW YORK
Place,ALCATRAZ
Place,ALEXANDRIA VIRGINIA
Place,ANAHEIM STADIUM
Place,ANCHORAGE
Place,ANDOVER MARYLAND
Place,ANNAPOLIS
Place,AROUND THE BEND
Place,ASIA MINOR
Place,ATHENS GEORGIA
Place,ATLANTIC CITY
Place,AUSTIN TEXAS
Place,BANGKOK THAILAND
Place,BARNYARD
Place,BASEBALL DIAMOND
Place,BASKETBALL COURT 
Place,BERN SWITZERLAND
Place,BOOT HILL
Place,BOWLING ALLEY
Place,BROOKLYN
Place,BROOM CLOSET
Place,BURBANK CALIFORNIA
Place,CAIRO EGYPT
Place,CAPE COD
Place,CARACAS VENEZUELA
Place,CARIBBEAN
Place,CARLSBAD CAVERNS
Place,CENTER COURT
Place,CENTER STAGE
Place,CHINATOWN
Place,CINCINNATI
Place,CITY HALL
Place,COLUMBIA
Place,COMBAT ZONE
Place,CONTINENTAL DIVIDE
Place,CORNER DRUGSTORE
Place,DENTISTS OFFICE
Place,DETROIT MICHIGAN
Place,DISNEYLAND
Place,DOWN BY THE OLD MILL STREAM
Place,DOWN UNDER
Place,DURHAM NORTH CAROLINA
Place,EAST PAKISTAN
Place,ELLIS ISLAND
Place,ETHIOPIA
Place,EXECUTIVE WASHROOM
Place,FAIRFAX NOVA SCOTIA
Place,FISHERMANS WHARF
Place,FLORENCE ITALY
Place,FORT KNOX
Place,FRONT ROW CENTER
Place,FROZEN FOOD SECTION
Place,GOVERNORS MANSION
Place,GRAND CENTRAL STATION
Place,GREENWICH VILLAGE
Place,HANNIBAL MISSOURI
Place,HARVARD MEDICAL SCHOOL
Place,HAWAIIAN ISLANDS
Place,HELSINKI FINLAND
Place,HIDDEN COMPARTMENT
Place,HIMALAYAN MOUNTAINS
Place,HIROSHIMA
Place,HOMETOWN
Place,HONG KONG
Place,HONOLULU
Place,HOUSTON ASTRODOME
Place,IN THE ATTIC
Place,IN THE MIDDLE OF THE RING
Place,IRELAND
Place,KATMANDU
Place,KINGSTON JAMAICA
Place,LA GUARDIA AIRPORT
Place,LAKE PLACID
Place,LAUNDROMAT
Place,LEXINGTON KENTUCKY
Place,LOST AND FOUND COUNTER
Place,LOUISVILLE KENTUCKY
Place,LOWER MANHATTAN
Place,MADRID SPAIN
Place,MANHATTAN ISLAND
Place,MIDDLE ATLANTIC STATES
Place,MIDDLE OF THE ROAD
Place,MILWAUKEE
Place,MINE SHAFT
Place,MISSISSIPPI
Place,MOBILE ALABAMA
Place,MONTEGO BAY
Place,MONTICELLO
Place,MUNICH GERMANY
Place,NEW DELHI INDIA
Place,NEW ZEALAND
Place,NEWPORT BEACH
Place,NEXT TO LAST
Place,NOME ALASKA
Place,NOTTINGHAM ENGLAND
Place,OHARE AIRPORT
Place,ON THE HIGH SEAS
Place,ON THE OUTSIDE LOOKING IN
Place,ON THE PERIMETER
Place,ORLANDO FLORIDA
Place,OUT OF THE WAY
Place,OUTER MONGOLIA
Place,OUTER SPACE
Place,OVAL OFFICE
Place,PAWNSHOP
Place,PEKING CHINA
Place,PENTHOUSE SUITE
Place,PIZZA PARLOR
Place,PLANETARIUM
Place,PLAYGROUND
Place,PORTLAND MAINE
Place,RADIO CITY MUSIC HALL
Place,RHODE ISLAND
Place,ROME ITALY
Place,SACRAMENTO
Place,SALEM OREGON
Place,SAN DIEGO
Place,SAN JUAN PUERTO RICO
Place,SAN LUIS OBISPO
Place,SANTA ANITA RACETRACK
Place,SANTIAGO CHILE
Place,SAUDI ARABIA
Place,SCHOOL ROOM
Place,SEASIDE
Place,SEOUL KOREA
Place,SMOKY MOUNTAINS
Place,SPRINGFIELD ILLINOIS
Place,STATE CAPITOL
Place,STILLWATER OKLAHOMA
Place,STUTTGART GERMANY
Place,SUPERMARKET
Place,SYDNEY AUSTRALIA
Place,THE BACK ROW
Place,THE BACKWOODS
Place,THE BALCONY
Place,THE BOTTOM RUNG
Place,THE CUMBERLAND PASS
Place,THE EQUATOR
Place,THE EVERGLADES
Place,THE FAR CORNERS OF THE EARTH
Place,THE GROUND FLOOR
Place,THE HOLY LAND
Place,THE LOUVRE
Place,THE PAINTED DESERT
Place,THE PENTAGON
Place,THE VATICAN
Place,THEATER BALCONY
Place,TIJUANA MEXICO
Place,TIMES SQUARE
Place,TIMES SQUARE
Place,TOP OF THE HEAP
Place,TUCSON ARIZONA
Place,UNDER THE CHRISTMAS TREE
Place,UNITED STATES NAVAL ACADEMY
Place,UNIVERSAL STUDIOS
Place,UP THE ROAD APIECE
Place,UPPER ATMOSPHERE
Place,UPPER RIGHTHAND CORNER
Place,VIENNA AUSTRIA
Place,VIENNA AUSTRIA
Place,WALL STREET
Place,WARSAW POLAND
Place,WESTERN HEMISPHERE
Place,YELLOWSTONE NATIONAL PARK
Place,ZIMBABWE AFRICA
School & Office Supplies,book
School & Office Supplies,crayon
School & Office Supplies,eraser
School & Office Supplies,folder
School & Office Supplies,globe
School & Office Supplies,marker
School & Office Supplies,paper
School & Office Supplies,papers
School & Office Supplies,pencil
School & Office Supplies,poster
School & Office Supplies,staple
Soup,bisque
Soup,bouillabaisse
Soup,caldo
Soup,chicken noodle
Soup,chowder
Soup,gazpacho
Soup,menudo
Soup,minestrone
Soup,pozole
Soup,sancocho
Space & Science,Mars
Space & Science,Venus
Space & Science,comet
Space & Science,galaxy
Space & Science,meteor
Space & Science,planet
Space & Science,rocket
Sports & Activities,bowler
Sports & Activities,boxing
Sports & Activities,golf
Sports & Activities,hockey
Sports & Activities,skating
Sports & Activities,soccer
Sports & Activities,tennis
Star Wars,A New Hope
Star Wars,AT AT
Star Wars,Ahsoka Tano
Star Wars,Alderaan
Star Wars,Attack of the Clones
Star Wars,BB 8
Star Wars,Battle Droid
Star Wars,Bespin
Star Wars,Blaster
Star Wars,Boba Fett
Star Wars,C3PO
Star Wars,Cassian Andor
Star Wars,Chewbacca
Star Wars,Chirrut Îmwe
Star Wars,Clone Trooper
Star Wars,Coruscant
Star Wars,Count Dooku
Star Wars,Dagobah
Star Wars,Dark Side
Star Wars,Darth Sidious
Star Wars,Darth Vader
Star Wars,Death Star
Star Wars,Duel of the Fates
Star Wars,Emperor Palpatine
Star Wars,Endor
Star Wars,Exegol
Star Wars,Finn
Star Wars,General Grievous
Star Wars,Grand Moff Tarkin
Star Wars,Grogu
Star Wars,Han Solo
Star Wars,Holocron
Star Wars,Hoth
Star Wars,Jabba the Hutt
Star Wars,Jakku
Star Wars,Jyn Erso
Star Wars,K 2SO
Star Wars,Kamino
Star Wars,Kessel
Star Wars,Kyber Crystal
Star Wars,Kylo Ren
Star Wars,Lando Calrissian
Star Wars,Light Side
Star Wars,Lightsaber
Star Wars,Luke Skywalker
Star Wars,Mace Windu
Star Wars,Mandalore
Star Wars,Mandalorian
Star Wars,Millennium Falcon
Star Wars,Mustafar
Star Wars,Naboo
Star Wars,Obi Wan Kenobi
Star Wars,Order 66
Star Wars,Padmé Amidala
Star Wars,Poe Dameron
Star Wars,Princess Leia
Star Wars,Qui Gon Jinn
Star Wars,R2 D2
Star Wars,Return of the Jedi
Star Wars,Revenge of the Sith
Star Wars,Rey
Star Wars,Rogue One
Star Wars,Scarif
Star Wars,Snoke
Star Wars,Speeder Bike
Star Wars,Star Destroyer
Star Wars,Stormtrooper
Star Wars,TIE Fighter
Star Wars,Tatooine
Star Wars,The Empire Strikes Back
Star Wars,The Force
Star Wars,The Force Awakens
Star Wars,The Jedi
Star Wars,The Last Jedi
Star Wars,The Mandalorian
Star Wars,The Phantom Menace
Star Wars,The Rise of Skywalker
Star Wars,The Sith
Star Wars,X Wing
Star Wars,Yoda
Sweetener,butterscotch
Sweetener,caramel
Sweetener,chocolate
Sweetener,cinnamon
Sweetener,fudge
Sweetener,gingerbread
Sweetener,honey
Sweetener,licorice
Sweetener,maple
Sweetener,marshmallow
Sweetener,peppermint
Sweetener,spearmint
Sweetener,sugar
Sweetener,treacle
Sweetener,vanilla
Thing,ACHILLES HEEL
Thing,AFFIDAVIT
Thing,AIRCRAFT CARRIER
Thing,ALLIGATOR
Thing,APPLE CIDER
Thing,AREA CODE
Thing,BABY CARRIAGE
Thing,BACK INVENTORY
Thing,BAKED POTATO
Thing,BAKING SODA
Thing,BAROMETER
Thing,BEAMED CEILING
Thing,BIRD FEEDER
Thing,BLACK OLIVE
Thing,BLOCK AND TACKLE
Thing,BOTTLED WATER
Thing,BROKEN SPOKE
Thing,BUTTERCUP
Thing,CALCULATOR
Thing,CAN OPENER
Thing,CANTALOUPE
Thing,CASHIERS CHECK
Thing,CHESTNUT
Thing,CHINESE ALGEBRA
Thing,CHINESE FOOD
Thing,CHOCOLATE CHIP COOKIE
Thing,CHRISTMAS TREE
Thing,CHURCH STEEPLE
Thing,CIGARETTE LIGHTER
Thing,COCONUT
Thing,COLLECTORS ITEM
Thing,COMMON SENSE
Thing,CONTRACTION
Thing,CORKSCREW
Thing,CORN ON THE COB
Thing,CORN POPPER
Thing,CORRUGATED ALUMINUM
Thing,CRANBERRY SAUCE
Thing,CRUDE OIL
Thing,CUBIC METER
Thing,CUMMERBUND
Thing,DANDELION
Thing,DEPLETION ALLOWANCE
Thing,DOLLAR BILL
Thing,DRIVERS LICENSE
Thing,DUMBWAITER
Thing,EIGHTEEN WHEELER
Thing,ELECTRIC BLANKET
Thing,ENCHILADA
Thing,ENGLISH MUFFIN
Thing,ESCALATOR
Thing,EXTENDED WARRANTY
Thing,FISHING LURE
Thing,FISHING POLE
Thing,FRIED RICE
Thing,FUEL INJECTOR
Thing,GOLD KEYCHAIN
Thing,GRASSHOPPER
Thing,GREEN PEPPER
Thing,HAIRPIN
Thing,HAIRPIN
Thing,HANDLEBAR MOUSTACHE
Thing,HANDMADE QUILT
Thing,HANG GLIDER
Thing,HANGNAIL
Thing,HARPSICHORD
Thing,HARVEY WALLBANGER
Thing,HEDGE CLIPPER
Thing,HOMEMADE BREAD
Thing,HORS DOEUVRE
Thing,HORSESHOE
Thing,HUMMINGBIRD
Thing,HUMPBACK WHALE
Thing,INCLEMENT WEATHER
Thing,INCOME TAX RETURN
Thing,INGROWN TOENAIL
Thing,INTEGRATED CIRCUIT
Thing,JACKET POCKET
Thing,JUMPING JACK
Thing,KITCHEN TABLE
Thing,LACERATED CONTUSION
Thing,LEAST COMMON DENOMINATOR
Thing,LIBRARY CARD
Thing,LIQUOR CABINET
Thing,LONG DISTANCE PHONE CALL
Thing,LOUNGE CHAIR
Thing,LULLABY
Thing,MANNEQUIN
Thing,MEAT CLEAVER
Thing,MEATBALL
Thing,MERRY GO  ROUND
Thing,MICROWAVE OVEN
Thing,MIGRAINE HEADACHE
Thing,MONOCLE
Thing,MORNING NEWSPAPER
Thing,MOSQUITO
Thing,MUSICAL NOTE
Thing,NEW ENGLAND CLAM CHOWDER
Thing,OBITUARY
Thing,ORGANIC COMPOUND
Thing,PACK ANIMAL
Thing,PATCHWORK
Thing,PEN AND PENCIL SET
Thing,PENCIL SHARPENER
Thing,PHONOGRAPH RECORD
Thing,PIGGY BANK
Thing,PLASTER CAST
Thing,PLUTONIUM
Thing,POLLING BOOTH
Thing,PORKPIE HAT
Thing,PORTRAIT
Thing,POTATO SKIN
Thing,PRINTING PRESS
Thing,PUNCTUATION MARK
Thing,RADIO TRANSMITTER
Thing,REVOLVING DOOR
Thing,ROLLER SKATE
Thing,RUBBER BAND
Thing,SALAMANDER
Thing,SALT SHAKER
Thing,SAUERKRAUT
Thing,SAUSAGE PATTY
Thing,SCRATCH PAD
Thing,SHOE POLISH
Thing,SHOOTING STAR
Thing,SILVER DOLLAR 
Thing,SKYSCRAPER
Thing,SMOKED OYSTER
Thing,SNOWMOBILE
Thing,SOUP LADLE
Thing,SOUP OF THE DAY
Thing,SOUR NOTE
Thing,SPLIT PEA SOUP
Thing,STUDHORSE
Thing,SUBMARINE
Thing,SUGAR CUBE
Thing,SUNDAY FUNNIES
Thing,TELEVISION ANTENNA
Thing,THERMOMETER
Thing,THUMBTACK
Thing,TIMEPIECE
Thing,TOMATO SAUCE
Thing,TOOTHACHE
Thing,TOOTHPICK
Thing,TORN LIGAMENT
Thing,TURNTABLE
Thing,TUXEDO
Thing,UNSALTED PEANUT
Thing,UNSOLICITED RESPONSE
Thing,VEGETABLE OIL
Thing,VIOLIN CASE
Thing,WALKING CANE
Thing,WASHING MACHINE
Thing,WATERMELON
Thing,WEDDING RING
Thing,WINDMILL
Thing,WINDOW PANE
Thing,WINDSHIELD WIPER
Things,ANIMAL VEGETABLE OR MINERAL
Things,APPLES AND ORANGES
Things,ARM AND HAMMER
Things,BACON AND EGGS
Things,BANANA SPLITS
Things,BEER AND PRETZELS
Things,BLUEPRINTS
Things,BOWS AND ARROWS
Things,BREAD AND BUTTER
Things,CAT AND MOUSE
Things,CEILING FANS
Things,CHAPPED LIPS
Things,CHEESE AND CRACKERS
Things,CHICKEN AND DUMPLINGS
Things,CLING PEACHES
Things,CLOAK AND DAGGER
Things,FINGERNAIL CLIPPERS
Things,HAMMER AND NAIL
Things,HASH BROWN POTATOES
Things,HORSE AND BUGGY
Things,MACARONI AND CHEESE
Things,NEEDLES AND PINS
Things,PAIRS OF SHOES
Things,PEACHES AND CREAM
Things,PORK AND BEANS
Things,STARS AND STRIPES
Things,TENNIS SHOES
Title,A CLOCKWORK ORANGE
Title,A NIGHT AT THE OPERA
Title,ANNIE HALL
Title,APOCALYPSE NOW
Title,ATTORNEY GENERAL
Title,BEAUTY AND THE BEAST
Title,BEETHOVENS NINTH
Title,BEN HUR
Title,BONNIE AND CLYDE
Title,BREAKFAST AT TIFFANYS
Title,BRIDGE ON THE RIVER KWAI
Title,BRIGADIER GENERAL
Title,CHIEF OF POLICE
Title,COMMANDER IN CHIEF
Title,CRIME AND PUNISHMENT
Title,DIAL M FOR MURDER
Title,DISTRICT ATTORNEY
Title,DOCTOR ZHIVAGO
Title,DUCHESS OF WINDSOR
Title,EXECUTIVE VICE PRESIDENT
Title,FANTASIA
Title,FIDDLER ON THE ROOF
Title,GENTLEMEN PREFER BLONDES
Title,GONE WITH THE WIND
Title,GOODBYE MISTER CHIPS
Title,HEARTBREAK HOTEL
Title,HEAVYWEIGHT CHAMPION
Title,I DID IT MY WAY
Title,I WANT TO HOLD YOUR HAND
Title,IF I WERE A RICH MAN
Title,IN COLD BLOOD
Title,INSPECTOR GENERAL
Title,JINGLE BELLS
Title,LIEUTENANT COLONEL
Title,LOVE LETTERS IN THE SAND
Title,LOVE ME TENDER
Title,LOVE STORY
Title,MAJOR GENERAL
Title,MAN OF LA MANCHA
Title,MARY POPPINS
Title,MISSION IMPOSSIBLE
Title,MOON RIVER
Title,NATIONAL VELVET
Title,NEVER ON SUNDAY
Title,NONE BUT THE BRAVE
Title,OF MICE AND MEN
Title,PLANET OF THE APES 
Title,PLEASE DONT EAT THE DAISIES
Title,PORGY AND BESS
Title,POSTMASTER GENERAL
Title,PRIDE AND PREJUDICE
Title,PRIME MINISTER
Title,PSYCHO
Title,RETURN OF THE JEDI
Title,SATURDAY NIGHT FEVER
Title,SATURDAY NIGHT LIVE
Title,SECRETARY OF DEFENSE
Title,SECRETARY OF THE INTERIOR
Title,SENATE MAJORITY WHIP
Title,SEND IN THE CLOWNS
Title,SERGEANT  AT ARMS
Title,SESAME STREET
Title,SNOW WHITE
Title,SOMEWHERE OVER THE RAINBOW
Title,SPARTACUS
Title,SPEAKER OF THE HOUSE
Title,SURGEON GENERAL
Title,TENNESSEE WALTZ
Title,THE AFRICAN QUEEN
Title,THE BLACKBOARD JUNGLE
Title,THE CALL OF THE WILD
Title,THE DAYS OF WINE AND ROSES
Title,THE DIRTY DOZEN
Title,THE ELEPHANT MAN
Title,THE EMPIRE STRIKES BACK
Title,THE EXODUS
Title,THE FRENCH CONNECTION
Title,THE FRONT PAGE
Title,THE GHOST AND MRS MUIR
Title,THE GOOD THE BAD AND THE UGLY
Title,THE GRAPES OF WRATH
Title,THE GREAT GATSBY
Title,THE GUNS OF NAVARONE
Title,THE HIGH AND THE MIGHTY
Title,THE ILIAD
Title,THE LAST DAYS OF POMPEII
Title,THE LAST OF THE MOHICANS
Title,THE LEGEND OF SLEEPY HOLLOW
Title,THE NAKED AND THE DEAD
Title,THE OLD MAN AND THE SEA
Title,THE POSTMAN ALWAYS RINGS TWICE
Title,THE RED PONY
Title,THE RISE AND FALL OF THE ROMAN EMPIRE
Title,THE SANDS OF IWO JIMA
Title,THE STING
Title,THE SUN ALSO RISES
Title,THE THREE FACES OF EVE
Title,THE THREE LITTLE PIGS
Title,TOOTSIE
Title,TWINKLE TWINKLE LITTLE STAR
Title,UNCHAINED MELODY
Title,WAR AND PEACE
Title,WHERE EAGLES DARE
Title,WHITE CHRISTMAS
Title,WIDE WORLD OF SPORTS
Transportation,boat
Transportation,canoe
Transportation,diver
Transportation,ticket
Transportation,train
Weather & Nature,autumn
Weather & Nature,breeze
Weather & Nature,cloud
Weather & Nature,desert
Weather & Nature,forest
Weather & Nature,lagoon
Weather & Nature,meadows
Weather & Nature,moon
Weather & Nature,rainbow
Weather & Nature,savanna
Weather & Nature,spring
Weather & Nature,star
Weather & Nature,summer
Weather & Nature,sun
Weather & Nature,sunset
Weather & Nature,thunder
Weather & Nature,wind
Weather & Nature,winter
